<?xml version="1.0" encoding="UTF-8"?>
<!DOCTYPE hibernate-configuration SYSTEM
"http://www.hibernate.org/dtd/hibernate-configuration-3.0.dtd">
<hibernate-configuration>
<session-factory>
<property name="hibernate.dialect">org.hibernate.dialect.MySQLDialect</property>
<property name="hibernate.connection.driver_class">com.mysql.cj.jdbc.Driver</property>
<!-- Assume test is the database name -->
<property name="hibernate.connection.url">jdbc:mysql://localhost:3306/test</property>
<property name="hibernate.connection.username">root</property>
<property name="hibernate.connection.password">pwd123@</property>
<property name="hbm2ddl.auto">update</property>
<property name="show-sql">true</property>
<property name="hibernate.id.new_generator_mappings">false</property>
<mapping class="com.task.Employee" />
 <mapping class="com.task.Address"/>    
</session-factory>
</hibernate-configuration>